time_sec,left_shoulder_pan_joint,left_shoulder_lift_joint,left_elbow_joint,left_wrist_1_joint,left_wrist_2_joint,left_wrist_3_joint
0,0.0176728,-0.0316841,0.00493574,-0.000863524,0.00103725,-0.00280431
0.016,0.0176728,-0.0316841,0.00493574,-0.000863524,0.00103725,-0.00280431
0.026,0.0157887,-0.0282967,0.00442967,-0.000769307,0.000929774,-0.00250938
0.04,0.0145459,-0.026063,0.00409443,-0.000707303,0.000858671,-0.00231456
0.054,0.013539,-0.0242537,0.00382191,-0.000657159,0.00080093,-0.00215654
0.072,0.0124734,-0.0223392,0.00353254,-0.000604186,0.000739677,-0.00198911
0.086,0.0113745,-0.0203654,0.00323304,-0.000549673,0.000676347,-0.00181624
0.1,0.0106963,-0.0191475,0.00304758,-0.00051609,0.000637168,-0.00170943
0.114,0.0106963,-0.0191475,0.00304758,-0.00051609,0.000637168,-0.00170943
0.124,0.00985453,-0.0176361,0.0028167,-0.000474479,0.000588435,-0.00157671
0.14,0.00926698,-0.0165814,0.00265507,-0.000445486,0.000554347,-0.00148398
0.16,0.00819491,-0.0146575,0.00235904,-0.000392701,0.000491978,-0.00131456
0.174,0.00770634,-0.013781,0.00222362,-0.000368701,0.000463475,-0.00123725
0.184,0.00695595,-0.012435,0.00201494,-0.000331913,0.000419592,-0.00111837
0.196,0.11692,-0.238337,-0.043564,-0.0154241,-0.00755393,-0.000706484
0.206,0.11692,-0.238337,-0.043564,-0.0154241,-0.00755393,-0.000706484
0.218,-0.00214166,-0.0111561,-0.0209031,-0.00209818,-0.00262066,0.00344972
0.228,-0.0202755,0.0357779,-0.00684291,0.000783744,-0.00128077,0.00325345
0.24,-0.0202755,0.0357779,-0.00684291,0.000783744,-0.00128077,0.00325345
0.252,0.54415,-0.989423,0.208329,-0.0229321,0.0297084,-0.0808032
0.284,-0.097395,0.170192,-0.0412279,0.00273026,-0.00709808,0.0166204
0.294,0.899717,-1.84564,-0.227261,-0.116565,-0.0535903,-0.0135549
0.308,0.158354,-0.460346,-0.261663,-0.0448413,-0.0377601,0.032425
0.318,0.158354,-0.460346,-0.261663,-0.0448413,-0.0377601,0.032425
0.332,0.491232,-0.990442,-0.0756548,-0.060936,-0.026656,-0.0103615
0.342,0.165353,-0.479176,-0.331267,-0.0564041,-0.0536459,0.0503939
0.352,1.92699,-3.3203,1.5377,0.0860569,0.34363,-0.563307
0.366,1.41082,-2.64985,0.296529,-0.0909628,0.035526,-0.159934
0.38,0.146314,-0.459015,-0.405706,-0.065567,-0.0686786,0.0698611
0.39,0.867475,-1.69511,-0.0872086,-0.103141,-0.0437705,-0.0221339
0.4,0.867475,-1.69511,-0.0872086,-0.103141,-0.0437705,-0.0221339
0.41,-0.247392,0.312178,-0.394378,-0.0266529,-0.0612635,0.0951149
0.426,-0.010188,-0.121482,-0.359929,-0.0459461,-0.0649293,0.0796635
0.442,8.40432,-14.7033,3.63808,-0.639838,0.395947,-1.28181
0.47,-1.16002,1.9224,-0.847862,0.042229,-0.111531,0.249085
0.482,5.65565,-10.3801,0.261805,-0.663944,-0.1783,-0.307114
0.498,-1.66879,2.9934,-0.819969,0.0984951,-0.11182,0.295798
0.51,-1.75411,3.28652,-0.642445,0.118077,-0.0966431,0.281159
0.522,-1.62081,3.06048,-0.546535,0.111051,-0.0860269,0.254118
0.534,9.00675,-17.0724,-1.98586,-1.21743,-0.599402,-0.0723432
0.546,-0.89508,0.976995,-2.11473,-0.0362206,-0.251892,0.433111
0.558,-1.40264,2.41973,-1.50185,0.0401503,-0.217048,0.419653
0.572,0.369362,-0.36466,-0.54604,-0.151694,-0.183608,0.185979
0.584,-1.29944,2.40179,-1.20801,0.0446528,-0.197041,0.380264
0.598,0.270602,-0.108832,0.0347294,-0.0890964,-0.0451568,0.0188575
0.61,-2.33211,4.22055,-1.15685,0.181248,-0.146645,0.416212
0.624,-2.4279,4.4546,-0.947853,0.198231,-0.125084,0.391409
0.634,-2.3223,4.26299,-0.865916,0.189572,-0.117193,0.369164
0.646,-2.218,4.06262,-0.812959,0.18017,-0.111466,0.350757
0.656,-2.09855,3.83116,-0.757754,0.169396,-0.105232,0.33034
0.666,-2.09855,3.83116,-0.757754,0.169396,-0.105232,0.33034
0.682,-1.94579,3.5377,-0.690117,0.155751,-0.0974118,0.304677
0.692,-1.71691,3.06522,-0.61355,0.0947986,-0.123376,0.27226
0.71,-1.5976,2.87196,-0.556641,0.122074,-0.0853078,0.249058
0.724,-1.5976,2.87196,-0.556641,0.122074,-0.0853078,0.249058
0.748,-1.39012,2.49234,-0.463731,0.108071,-0.0693176,0.213952
0.758,-1.26062,2.25385,-0.41503,0.0973652,-0.0628836,0.193392
0.77,-1.10942,1.97685,-0.35994,0.0850198,-0.0553875,0.169593
0.792,-1.08774,1.93728,-0.352196,0.0832639,-0.0543157,0.166201
0.804,-1.04557,1.86047,-0.337243,0.0798599,-0.0522333,0.159618
0.816,-0.975528,1.7332,-0.3127,0.0742374,-0.0487765,0.14872
0.832,-0.928276,1.64758,-0.29635,0.070466,-0.0464467,0.141394
0.842,-0.815517,1.44397,-0.257981,0.0615362,-0.0408911,0.123992
0.852,-0.791443,1.40063,-0.249904,0.0596424,-0.0397054,0.12029
0.862,-0.768059,1.35858,-0.242096,0.0578071,-0.0385537,0.116699
0.872,-0.745345,1.31777,-0.234547,0.0560285,-0.0374351,0.113215
0.882,-0.694858,1.2272,-0.217888,0.052089,-0.0349483,0.105485
0.892,-0.66085,1.16631,-0.206759,0.0494464,-0.0332728,0.100289
0.902,-0.628469,1.1084,-0.196229,0.0469383,-0.031677,0.0953492
0.912,-0.585727,1.03208,-0.182427,0.0436399,-0.0295695,0.0888392
0.928,-0.540356,0.951224,-0.167894,0.040154,-0.0273307,0.0819417
0.942,-0.503498,0.885642,-0.156172,0.0373336,-0.0255102,0.0763472
0.952,-0.478694,0.841563,-0.148326,0.0354414,-0.024284,0.0725865
0.964,-0.450511,0.791534,-0.13945,0.0332973,-0.0228896,0.0683174
0.976,-0.428279,0.752106,-0.132477,0.0316102,-0.0217886,0.0649523
0.988,-0.407128,0.71463,-0.125865,0.0300088,-0.0207402,0.0617529
0.998,-0.387008,0.679009,-0.119594,0.0284886,-0.0197419,0.0587112
1.01,-0.379237,0.66526,-0.117177,0.0279024,-0.0193561,0.0575368
1.024,-0.335747,0.588387,-0.103699,0.0246303,-0.0171939,0.050968
1.034,-0.309532,0.542114,-0.0956117,0.0226653,-0.0158876,0.0470109
1.048,-0.285344,0.499464,-0.0881714,0.0208574,-0.0146801,0.0433611
1.058,-0.276765,0.484346,-0.085537,0.0202172,-0.0142513,0.0420667
1.07,-0.26303,0.460155,-0.0813243,0.0191938,-0.013564,0.0399946
1.086,-0.26303,0.460155,-0.0813243,0.0191938,-0.013564,0.0399946
1.102,-0.223463,0.390542,-0.0692163,0.0162546,-0.0115791,0.0340255
1.112,-0.223463,0.390542,-0.0692163,0.0162546,-0.0115791,0.0340255
1.124,-0.199748,0.348873,-0.0619745,0.0144997,-0.010385,0.0304469
1.14,-0.185976,0.324695,-0.0577727,0.013483,-0.00968992,0.0283683
1.152,-0.174926,0.305306,-0.0544023,0.0126686,-0.00913115,0.0266999
1.164,-0.174926,0.305306,-0.0544023,0.0126686,-0.00913115,0.0266999
1.174,-0.154746,0.269923,-0.0482482,0.0111844,-0.00810818,0.0236516
1.186,-0.147038,0.256416,-0.045897,0.0106185,-0.00771645,0.0224867
1.196,-0.138291,0.241095,-0.0432282,0.00997724,-0.00727121,0.0211642
1.206,-0.134114,0.23378,-0.0419533,0.00967126,-0.00705829,0.0205324
1.216,-0.126133,0.219809,-0.0395165,0.0090872,-0.00665094,0.0193248
1.23,-0.117418,0.204559,-0.0368537,0.00845024,-0.00620525,0.0180055
1.246,-0.10819,0.188419,-0.0340316,0.0077768,-0.00573227,0.0166076
1.258,-0.0996846,0.17355,-0.0314276,0.00715706,-0.00529527,0.0153182
1.28,-0.0899847,0.156602,-0.0284531,0.00645138,-0.00479549,0.0138464
1.292,-0.0854937,0.148757,-0.0270739,0.00612509,-0.00456355,0.0131644
1.316,-0.0779658,0.135614,-0.0247588,0.00557881,-0.00417391,0.0120203
1.324,-0.0703746,0.122365,-0.0224193,0.00502879,-0.00377981,0.0108653
1.338,-0.0682445,0.118649,-0.0217617,0.00487461,-0.00366899,0.0105409
1.35,-0.0628735,0.109281,-0.0201016,0.0044862,-0.00338908,0.00972258
1.366,-0.0585212,0.101692,-0.0187537,0.00417182,-0.00316171,0.0090588
1.378,-0.0550308,0.0956073,-0.0176708,0.00391995,-0.00297899,0.00852604
1.388,-0.0517482,0.0898867,-0.0166507,0.00368328,-0.00280682,0.00802461
1.4,-0.0496692,0.0862643,-0.0160037,0.0035335,-0.00269759,0.00770681
1.414,-0.044372,0.0770372,-0.0143515,0.00315226,-0.00241862,0.00689628
1.424,-0.0430279,0.0746965,-0.0139314,0.00305563,-0.00234767,0.00669042
1.434,-0.0408775,0.0709523,-0.0132584,0.0029011,-0.00223401,0.00636088
1.448,-0.0388344,0.0673957,-0.0126181,0.00275439,-0.00212584,0.00604757
1.464,-0.0354104,0.0614368,-0.0115425,0.00250876,-0.00194416,0.00552199
1.486,-0.0319586,0.0554313,-0.0104549,0.00226144,-0.00176043,0.00499141
1.498,-0.0294408,0.0510522,-0.00965915,0.00208125,-0.00162601,0.00460389
1.508,-0.0285486,0.0495007,-0.00937664,0.00201745,-0.00157829,0.00446646
1.524,-0.0257651,0.0446615,-0.00849338,0.00181856,-0.00142911,0.0040373
1.534,-0.0257651,0.0446615,-0.00849338,0.00181856,-0.00142911,0.0040373
1.546,-0.0230154,0.0398828,-0.0076177,0.00162235,-0.00128123,0.00361269
1.558,-0.02209,0.0382748,-0.00732219,0.00155638,-0.00123133,0.00346962
1.57,-0.0207711,0.0359836,-0.00690029,0.00146241,-0.0011601,0.00326557
1.584,-0.0189388,0.0328012,-0.00631263,0.00133199,-0.0010609,0.00298177
1.598,-0.0185541,0.0321331,-0.00618899,0.00130463,-0.00104003,0.00292213
1.61,-0.0165737,0.0286946,-0.00555105,0.00116387,-0.000932386,0.00261481
1.622,-0.0157447,0.0272557,-0.00528325,0.001105,-0.000887208,0.00248601
1.632,-0.0151115,0.0261567,-0.00507834,0.00106007,-0.000852646,0.00238756
1.648,-0.0137783,0.0238432,-0.0046459,0.000965525,-0.000779721,0.00218006
1.658,-0.0130891,0.0226476,-0.00442178,0.000916694,-0.000741936,0.00207268
1.676,-0.0130891,0.0226476,-0.00442178,0.000916694,-0.000741936,0.00207268
1.686,-0.0114542,0.019812,-0.00388837,0.00080098,-0.000652038,0.0018176
