iteration,q_0,q_1,q_2,q_3,q_4,q_5,err_p,err_o
0,-0.079955,-1.21991,2.23006,-2.47357,-3.89996,0.100088,0.453253,0.747134
1,0.000471535,-1.53694,2.99048,-2.56502,-4.07285,0.428529,0.586082,0.841311
2,0.155162,-1.52868,3.09386,-2.5544,-4.20388,0.472264,0.630385,0.899189
3,0.30594,-1.51493,3.18538,-2.53631,-4.35253,0.499709,0.677273,0.94762
4,0.456855,-1.49407,3.27198,-2.50748,-4.52159,0.504652,0.728488,0.982611
5,0.602291,-1.46015,3.35268,-2.46156,-4.70458,0.481951,0.780815,0.999082
6,0.733622,-1.40661,3.42624,-2.39281,-4.89181,0.430066,0.829404,0.994941
7,0.843096,-1.32586,3.48997,-2.2938,-5.07888,0.344858,0.871187,0.971186
8,0.914408,-1.20405,3.52815,-2.15248,-5.25659,0.217878,0.904286,0.93292
9,0.938127,-1.02659,3.51601,-1.96443,-5.38802,0.0446121,0.926114,0.893483
10,0.966082,-0.853959,3.49535,-1.80063,-5.39417,-0.0942787,0.924716,0.871819
11,0.982181,-0.705992,3.47472,-1.67284,-5.32539,-0.180831,0.908539,0.870247
12,0.972635,-0.576266,3.45367,-1.56882,-5.21761,-0.234447,0.885432,0.883181
13,0.937267,-0.463817,3.43269,-1.48339,-5.08403,-0.260816,0.859331,0.904846
14,0.880974,-0.369301,3.41115,-1.41429,-4.93213,-0.259331,0.832862,0.930375
15,0.810085,-0.292814,3.38802,-1.3598,-4.76792,-0.228959,0.808299,0.95591
16,0.729796,-0.23339,3.36249,-1.31803,-4.59614,-0.171247,0.787875,0.978153
17,0.643064,-0.189582,3.33408,-1.28731,-4.41968,-0.0907608,0.773658,0.993923
18,0.55099,-0.160278,3.30232,-1.2668,-4.23987,0.00572573,0.767176,0.999999
19,0.453928,-0.145171,3.26645,-1.25677,-4.05743,0.110009,0.769025,0.993248
20,0.352816,-0.144717,3.22534,-1.25857,-3.87356,0.213173,0.778672,0.970851
21,0.250474,-0.159446,3.17797,-1.27397,-3.69088,0.307065,0.794553,0.930604
22,0.15202,-0.188586,3.1243,-1.3038,-3.51361,0.386955,0.814354,0.871441
23,0.0632573,-0.228865,3.06627,-1.34668,-3.34629,0.453706,0.835355,0.794241
24,-0.0110697,-0.274726,3.00808,-1.39902,-3.19439,0.512424,0.854647,0.703341
25,-0.0693127,-0.319919,2.95446,-1.45606,-3.06307,0.568508,0.869768,0.606561
26,-0.113172,-0.359756,2.90801,-1.51393,-2.95396,0.624472,0.879623,0.511985
27,-0.144874,-0.391774,2.86917,-1.57024,-2.86652,0.679527,0.884314,0.426308
28,-0.165988,-0.415237,2.83688,-1.62376,-2.79834,0.731448,0.884753,0.353947
29,-0.177411,-0.430306,2.80952,-1.67408,-2.74592,0.778432,0.882174,0.297181
30,-0.179649,-0.437413,2.7854,-1.72132,-2.70564,0.819766,0.877728,0.256773
31,-0.17294,-0.436915,2.76284,-1.76593,-2.67445,0.855589,0.872255,0.232419
32,-0.15722,-0.428946,2.74008,-1.80848,-2.65,0.886477,0.866258,0.222845
33,-0.132039,-0.413304,2.71518,-1.84955,-2.63055,0.913165,0.859989,0.226001
34,-0.0964003,-0.389287,2.68577,-1.88969,-2.61478,0.936404,0.85358,0.239725
35,-0.048441,-0.355333,2.64868,-1.92941,-2.6015,0.956879,0.84723,0.26253
36,0.0153478,-0.308102,2.59892,-1.96924,-2.58916,0.975082,0.84156,0.294042
37,0.102364,-0.239733,2.52665,-2.00981,-2.57418,0.990915,0.838596,0.335145
38,0.233765,-0.126206,2.40404,-2.05174,-2.54262,1.00156,0.846203,0.388157
39,0.603805,0.179617,2.03904,-2.08462,-2.31823,0.958026,0.935125,0.457384
40,2.58796,0.274967,0.685145,-0.986009,-0.549485,0.736821,1.4807,0.52925
41,1.73902,2.07555,-2.75871,0.90033,-1.62047,0.612972,0.867372,0.56602
42,1.76094,2.02675,-2.59177,0.894675,-1.69571,0.658885,0.86663,0.601064
43,1.78436,1.93648,-2.35225,0.886592,-1.79776,0.703523,0.877334,0.648342
44,2.07111,0.919002,-1.03244,0.798912,-1.76131,0.6452,1.21209,0.729978
45,2.08408,-0.403829,2.16286,-0.848125,-2.03413,0.654757,0.87485,0.81215
46,2.17337,0.0617796,0.876565,0.204705,-2.29729,0.603332,1.19953,0.88382
47,2.20588,1.80073,-2.5091,2.09853,-2.65429,0.59632,0.786472,0.94118
48,2.24369,1.81251,-2.34364,2.14167,-2.86709,0.563073,0.845305,0.963821
49,2.2712,1.81242,-2.18532,2.18621,-3.09155,0.531363,0.894937,0.978929
50,2.28405,1.79976,-2.03978,2.22729,-3.31526,0.489877,0.932062,0.987966
51,2.27641,1.76606,-1.89434,2.26107,-3.54683,0.426472,0.96206,0.993868
52,2.23888,1.63879,-1.66992,2.27263,-3.84155,0.303813,1.01642,0.999116
53,1.95566,0.716315,-0.143663,1.61651,-4.11165,-0.0629474,1.29423,0.995652
54,1.8665,0.784298,-0.0686214,1.66051,-4.27926,-0.106058,1.23764,0.989762
55,1.75966,0.845049,-0.00425103,1.7117,-4.42068,-0.128513,1.1787,0.983425
56,1.64174,0.898021,0.0504789,1.76771,-4.54247,-0.120554,1.12266,0.978556
57,1.5182,0.940481,0.093612,1.82391,-4.65329,-0.0759965,1.07509,0.976773
58,1.39425,0.969662,0.121972,1.87344,-4.76199,0.00772386,1.04037,0.978748
59,1.27548,0.984207,0.132287,1.90744,-4.87444,0.129729,1.02088,0.98383
60,1.16785,0.984753,0.122105,1.91619,-4.9901,0.286362,1.01662,0.990205
61,1.07674,0.973777,0.0907828,1.89162,-5.09993,0.471712,1.0252,0.995725
62,1.0049,0.955294,0.0404397,1.8303,-5.18694,0.677453,1.04189,0.999045
63,0.951133,0.934645,-0.0237393,1.73478,-5.23046,0.892781,1.061,0.999994
64,0.913142,0.917863,-0.0944855,1.61217,-5.21376,1.10609,1.0789,0.998684
65,0.893091,0.910711,-0.163965,1.47157,-5.13039,1.30742,1.0959,0.994493
66,0.897991,0.918055,-0.224247,1.32297,-4.9846,1.48795,1.11392,0.986381
67,0.932475,0.94245,-0.267455,1.1776,-4.78835,1.63781,1.13179,0.974348
68,0.99153,0.98109,-0.287948,1.04765,-4.5602,1.74684,1.14333,0.960155
69,1.06176,1.02516,-0.285753,0.943744,-4.32357,1.8091,1.14163,0.946279
70,1.13066,1.06551,-0.266486,0.871436,-4.09966,1.82633,1.12508,0.934353
71,1.19271,1.09844,-0.236543,0.83059,-3.9005,1.80681,1.0974,0.924654
72,1.24663,1.12503,-0.199563,0.818595,-3.72954,1.76074,1.06333,0.91668
73,1.29105,1.14783,-0.156876,0.832764,-3.58602,1.69635,1.02668,0.909879
74,1.32334,1.16903,-0.109003,0.870651,-3.46792,1.61885,0.990551,0.904031
75,1.34016,1.18998,-0.0565103,0.929821,-3.37327,1.53114,0.958015,0.89942
76,1.33813,1.21117,-0.000306169,1.00769,-3.30067,1.43501,0.931929,0.896938
77,1.3144,1.23241,0.0582272,1.10127,-3.24972,1.33244,0.914045,0.898065
78,1.26756,1.2529,0.117143,1.20679,-3.22143,1.22634,0.903862,0.904458
79,1.19864,1.27126,0.173926,1.3197,-3.21865,1.1211,0.898332,0.916905
80,1.11125,1.28547,0.225678,1.43546,-3.24594,1.02269,0.893119,0.934125
81,1.00888,1.29212,0.269264,1.55258,-3.30857,0.938084,0.884684,0.952876
82,0.897092,1.28913,0.30169,1.6693,-3.41182,0.878894,0.871174,0.969127
83,0.782742,1.27796,0.32069,1.77784,-3.55398,0.857872,0.853564,0.979848
84,0.666956,1.25956,0.323142,1.86785,-3.72489,0.878408,0.835645,0.984683
85,0.54981,1.23498,0.305256,1.92515,-3.91011,0.934446,0.822535,0.984526
86,0.43615,1.20519,0.264652,1.93615,-4.09455,1.01624,0.819454,0.979702
87,0.335827,1.17047,0.201828,1.89483,-4.26408,1.11564,0.829526,0.96986
88,0.259068,1.13151,0.119954,1.80447,-4.40652,1.22707,0.851472,0.95521
89,0.212676,1.09108,0.02401,1.6735,-4.512,1.34571,0.880356,0.937709
90,0.199622,1.05448,-0.0800151,1.51087,-4.57251,1.4656,0.911309,0.920976
91,0.220886,1.02893,-0.185514,1.32361,-4.58177,1.57823,0.942816,0.908903
92,0.277339,1.02291,-0.285122,1.11624,-4.53611,1.67195,0.977109,0.904154
93,0.369827,1.04445,-0.370447,0.891308,-4.4365,1.73196,1.01725,0.907308
94,0.497512,1.09624,-0.432315,0.651491,-4.29163,1.7421,1.06213,0.916786
95,0.655304,1.16666,-0.462556,0.407191,-4.1218,1.68953,1.1036,0.929873
96,0.830133,1.22822,-0.459904,0.187589,-3.95929,1.57268,1.13182,0.943878
97,1.00288,1.26268,-0.433374,0.0269595,-3.83376,1.40985,1.14514,0.95658
98,1.15685,1.27632,-0.391221,-0.0653178,-3.75322,1.22883,1.14627,0.966681
99,1.28094,1.28077,-0.337907,-0.0978584,-3.70891,1.0481,1.13566,0.973768
