time_sec,left_shoulder_pan_joint_desired_pos,left_shoulder_pan_joint_desired_vel,left_shoulder_pan_joint_actual_pos,left_shoulder_pan_joint_actual_vel,left_shoulder_pan_joint_error_pos,left_shoulder_pan_joint_error_vel,left_shoulder_lift_joint_desired_pos,left_shoulder_lift_joint_desired_vel,left_shoulder_lift_joint_actual_pos,left_shoulder_lift_joint_actual_vel,left_shoulder_lift_joint_error_pos,left_shoulder_lift_joint_error_vel,left_elbow_joint_desired_pos,left_elbow_joint_desired_vel,left_elbow_joint_actual_pos,left_elbow_joint_actual_vel,left_elbow_joint_error_pos,left_elbow_joint_error_vel,left_wrist_1_joint_desired_pos,left_wrist_1_joint_desired_vel,left_wrist_1_joint_actual_pos,left_wrist_1_joint_actual_vel,left_wrist_1_joint_error_pos,left_wrist_1_joint_error_vel,left_wrist_2_joint_desired_pos,left_wrist_2_joint_desired_vel,left_wrist_2_joint_actual_pos,left_wrist_2_joint_actual_vel,left_wrist_2_joint_error_pos,left_wrist_2_joint_error_vel,left_wrist_3_joint_desired_pos,left_wrist_3_joint_desired_vel,left_wrist_3_joint_actual_pos,left_wrist_3_joint_actual_vel,left_wrist_3_joint_error_pos,left_wrist_3_joint_error_vel
0,-0.614676,-1.38897e-17,-0.614676,0,0,0,0.548469,2.40079e-17,0.548469,0,0,0,-2.25501,-1.04308e-17,-2.25501,0,0,0,0.871724,-2.29242e-18,0.871724,0,0,0,2.39421,-9.21303e-18,2.39421,0,0,0,-2.42195,1.53449e-17,-2.42195,0,0,0
0.00999995,-0.614676,-1.38897e-17,-0.614676,0,0,0,0.548469,2.40079e-17,0.548469,0,0,0,-2.25501,-1.04308e-17,-2.25501,0,0,0,0.871724,-2.29242e-18,0.871724,0,0,0,2.39421,-9.21303e-18,2.39421,0,0,0,-2.42195,1.53449e-17,-2.42195,0,0,0
0.0202791,-0.614676,-1.38897e-17,-0.614676,0,0,0,0.548469,2.40079e-17,0.548469,0,0,0,-2.25501,-1.04308e-17,-2.25501,0,0,0,0.871724,-2.29242e-18,0.871724,0,0,0,2.39421,-9.21303e-18,2.39421,0,0,0,-2.42195,1.53449e-17,-2.42195,0,0,0
0.0299851,-0.614676,-1.38897e-17,-0.614676,0,0,0,0.548469,2.40079e-17,0.548469,0,0,0,-2.25501,-1.04308e-17,-2.25501,0,0,0,0.871724,-2.29242e-18,0.871724,0,0,0,2.39421,-9.21303e-18,2.39421,0,0,0,-2.42195,1.53449e-17,-2.42195,0,0,0
0.0400002,-0.614676,-1.38897e-17,-0.614676,0,0,0,0.548469,2.40079e-17,0.548469,0,0,0,-2.25501,-1.04308e-17,-2.25501,0,0,0,0.871724,-2.29242e-18,0.871724,0,0,0,2.39421,-9.21303e-18,2.39421,0,0,0,-2.42195,1.53449e-17,-2.42195,0,0,0
0.0499458,-0.614674,0.000912213,-0.614676,0,1.87121e-06,0,0.548466,-0.00157065,0.548469,0,-3.22185e-06,0,-2.255,0.000692538,-2.25501,0,1.42059e-06,0,0.871724,0.000132105,0.871724,0,2.70985e-07,0,2.39421,0.00060332,2.39421,0,1.23758e-06,0,-2.42195,-0.00101242,-2.42195,0,-2.07676e-06,0
0.0599867,-0.614661,0.00360817,-0.614661,0,1.53404e-07,0,0.548443,-0.00621256,0.548443,0,-2.64132e-07,0,-2.25499,0.00273926,-2.25499,0,1.16462e-07,0,0.871726,0.00052253,0.871726,0,2.22158e-08,0,2.39422,0.00238637,2.39422,0,1.01459e-07,0,-2.42197,-0.00400452,-2.42197,0,-1.70256e-07,0
0.0700087,-0.614625,0.00808308,-0.614625,0,1.63186e-07,0,0.548381,-0.0139175,0.548382,0,-2.80975e-07,0,-2.25497,0.00613655,-2.25497,0,1.23889e-07,0,0.871731,0.00117058,0.871731,0,2.36324e-08,0,2.39424,0.00534599,2.39424,0,1.07928e-07,0,-2.42201,-0.008971,-2.42201,0,-1.81112e-07,0
0.0800062,-0.614555,0.0143857,-0.614555,0,-4.18475e-08,0,0.548262,-0.0247693,0.548261,0,7.20532e-08,0,-2.25491,0.0109214,-2.25491,0,-3.177e-08,0,0.871741,0.00208331,0.871741,0,-6.06029e-09,0,2.39429,0.0095144,2.39429,0,-2.76771e-08,0,-2.42209,-0.0159659,-2.42209,0,4.64444e-08,0
0.0900249,-0.61444,0.0223767,-0.614441,0,4.39166e-07,0,0.548063,-0.0385282,0.548064,0,-7.56157e-07,0,-2.25483,0.016988,-2.25483,0,3.33408e-07,0,0.871758,0.00324055,0.871758,0,6.35993e-08,0,2.39436,0.0147995,2.39436,0,2.90456e-07,0,-2.42221,-0.0248347,-2.42221,0,-4.87408e-07,0
0.100041,-0.614269,0.032098,-0.614269,0,5.33097e-07,0,0.547768,-0.0552664,0.547769,0,-9.17889e-07,0,-2.2547,0.0243683,-2.2547,0,4.04719e-07,0,0.871783,0.00464838,0.871783,0,7.72024e-08,0,2.39448,0.0212289,2.39448,0,3.5258e-07,0,-2.4224,-0.0356239,-2.4224,0,-5.91658e-07,0
0.109984,-0.614035,0.0431907,-0.614032,0,-2.40541e-06,0,0.547365,-0.0743659,0.547361,0,4.14164e-06,0,-2.25452,0.0327897,-2.25452,0,-1.82615e-06,0,0.871817,0.00625481,0.871817,0,-3.48348e-07,0,2.39463,0.0285655,2.39463,0,-1.59089e-06,0,-2.42266,-0.0479351,-2.42267,0,2.66964e-06,0
0.120011,-0.613732,0.0535145,-0.613733,0,1.45981e-06,0,0.546843,-0.0921415,0.546846,0,-2.5135e-06,0,-2.25429,0.0406274,-2.25429,0,1.10826e-06,0,0.871861,0.00774989,0.87186,0,2.11407e-07,0,2.39483,0.0353934,2.39483,0,9.65487e-07,0,-2.423,-0.059393,-2.423,0,-1.62016e-06,0
0.129969,-0.613366,0.0647326,-0.613363,0,-2.65311e-06,0,0.546214,-0.111457,0.546209,0,4.56813e-06,0,-2.25401,0.049144,-2.25401,0,-2.0142e-06,0,0.871913,0.00937448,0.871914,0,-3.84219e-07,0,2.39507,0.0428129,2.39507,0,-1.75471e-06,0,-2.42341,-0.0718434,-2.42341,0,2.94455e-06,0
0.140002,-0.612929,0.0749034,-0.612932,0,2.26969e-06,0,0.545462,-0.128969,0.545466,0,-3.90796e-06,0,-2.25368,0.0568655,-2.25368,0,1.72311e-06,0,0.871977,0.0108474,0.871976,0,3.28693e-07,0,2.39536,0.0495396,2.39536,0,1.50113e-06,0,-2.42389,-0.0831315,-2.42389,0,-2.51901e-06,0
0.149988,-0.612431,0.0859916,-0.612429,0,-1.98655e-06,0,0.544604,-0.148061,0.5446,0,3.42044e-06,0,-2.2533,0.0652835,-2.2533,0,-1.50815e-06,0,0.872049,0.0124532,0.872049,0,-2.87689e-07,0,2.39569,0.0568731,2.39569,0,-1.31386e-06,0,-2.42444,-0.0954377,-2.42445,0,2.20477e-06,0
0.159972,-0.611865,0.0967774,-0.611864,0,-4.43584e-07,0,0.543629,-0.166632,0.543628,0,7.63765e-07,0,-2.25287,0.0734718,-2.25287,0,-3.36762e-07,0,0.872131,0.0140152,0.872131,0,-6.42392e-08,0,2.39607,0.0640066,2.39607,0,-2.93378e-07,0,-2.42507,-0.107408,-2.42507,0,4.92312e-07,0
0.169969,-0.611232,0.107607,-0.611232,0,-5.83292e-07,0,0.54254,-0.185278,0.542539,0,1.00431e-06,0,-2.25239,0.0816934,-2.25239,0,-4.42826e-07,0,0.872222,0.0155835,0.872223,0,-8.44714e-08,0,2.39648,0.071169,2.39648,0,-3.85778e-07,0,-2.42577,-0.119427,-2.42577,0,6.47366e-07,0
0.179979,-0.610532,0.117949,-0.610533,0,1.57032e-06,0,0.541334,-0.203086,0.541336,0,-2.70379e-06,0,-2.25186,0.0895453,-2.25186,0,1.19217e-06,0,0.872324,0.0170812,0.872324,0,2.27412e-07,0,2.39695,0.0780093,2.39695,0,1.03858e-06,0,-2.42655,-0.130906,-2.42655,0,-1.74282e-06,0
0.189996,-0.609764,0.1282,-0.609766,0,1.82371e-06,0,0.540013,-0.220736,0.540016,0,-3.14006e-06,0,-2.25128,0.0973276,-2.25128,0,1.38453e-06,0,0.872435,0.0185658,0.872435,0,2.64106e-07,0,2.39745,0.0847891,2.39745,0,1.20616e-06,0,-2.4274,-0.142283,-2.4274,0,-2.02404e-06,0
0.200001,-0.608932,0.138668,-0.608933,0,7.39835e-07,0,0.538579,-0.238759,0.53858,0,-1.27385e-06,0,-2.25064,0.105274,-2.25064,0,5.61671e-07,0,0.872556,0.0200817,0.872555,0,1.07142e-07,0,2.39801,0.0917122,2.39801,0,4.89312e-07,0,-2.42833,-0.1539,-2.42833,0,-8.21105e-07,0
0.209986,-0.608036,0.14973,-0.608034,0,-1.87623e-06,0,0.537036,-0.257805,0.537033,0,3.23049e-06,0,-2.24996,0.113673,-2.24996,0,-1.4244e-06,0,0.872685,0.0216837,0.872686,0,-2.71712e-07,0,2.3986,0.0990283,2.3986,0,-1.2409e-06,0,-2.42932,-0.166178,-2.42932,0,2.08233e-06,0
0.21999,-0.607071,0.160352,-0.607071,0,1.49465e-07,0,0.535375,-0.276095,0.535376,0,-2.57349e-07,0,-2.24923,0.121737,-2.24923,0,1.13471e-07,0,0.872825,0.023222,0.872825,0,2.16452e-08,0,2.39924,0.106054,2.39924,0,9.88529e-08,0,-2.43039,-0.177967,-2.43039,0,-1.65883e-07,0
0.229989,-0.60604,0.170934,-0.606041,0,3.14416e-07,0,0.533601,-0.294316,0.533601,0,-5.41362e-07,0,-2.24845,0.129771,-2.24845,0,2.38699e-07,0,0.872974,0.0247545,0.872974,0,4.55332e-08,0,2.39992,0.113053,2.39992,0,2.07948e-07,0,-2.43154,-0.189711,-2.43153,0,-3.48954e-07,0
0.240019,-0.604939,0.18044,-0.604944,0,4.93475e-06,0,0.531704,-0.310682,0.531712,0,-8.49666e-06,0,-2.24761,0.136987,-2.24762,0,3.74638e-06,0,0.873134,0.026131,0.873133,0,7.14643e-07,0,2.40065,0.119339,2.40064,0,3.26374e-06,0,-2.43276,-0.200261,-2.43275,0,-5.47682e-06,0
0.249988,-0.603781,0.192327,-0.603776,0,-5.61798e-06,0,0.529711,-0.331149,0.529701,0,9.67305e-06,0,-2.24673,0.146011,-2.24673,0,-4.26508e-06,0,0.873302,0.0278525,0.873302,0,-8.13587e-07,0,2.40141,0.127201,2.40142,0,-3.71562e-06,0,-2.43404,-0.213454,-2.43405,0,6.23511e-06,0
0.260071,-0.602536,0.199171,-0.602552,0,1.64213e-05,0,0.527566,-0.342934,0.527594,0,-2.82742e-05,0,-2.24579,0.151208,-2.2458,0,1.24668e-05,0,0.873482,0.0288437,0.87348,0,2.37811e-06,0,2.40224,0.131728,2.40223,0,1.08607e-05,0,-2.43543,-0.22105,-2.43541,0,-1.82252e-05,0
0.270023,-0.60125,0.212005,-0.601239,0,-1.02426e-05,0,0.525352,-0.365031,0.525334,0,1.76358e-05,0,-2.24481,0.160951,-2.2448,0,-7.77603e-06,0,0.873668,0.0307022,0.87367,0,-1.48332e-06,0,2.40309,0.140216,2.40309,0,-6.77426e-06,0,-2.43685,-0.235293,-2.43686,0,1.13678e-05,0
0.280023,-0.599887,0.222538,-0.599888,0,1.76267e-07,0,0.523006,-0.383167,0.523007,0,-3.03496e-07,0,-2.24378,0.168948,-2.24378,0,1.33819e-07,0,0.873865,0.0322277,0.873865,0,2.55267e-08,0,2.40399,0.147182,2.40399,0,1.16579e-07,0,-2.43836,-0.246984,-2.43836,0,-1.95629e-07,0
0.289982,-0.598469,0.235381,-0.598459,0,-9.79422e-06,0,0.520564,-0.40528,0.520547,0,1.68637e-05,0,-2.2427,0.178698,-2.24269,0,-7.43562e-06,0,0.874071,0.0340875,0.874072,0,-1.41838e-06,0,2.40493,0.155676,2.40493,0,-6.4777e-06,0,-2.43994,-0.261238,-2.43995,0,1.08701e-05,0
0.299996,-0.596971,0.24592,-0.596975,0,3.72046e-06,0,0.517985,-0.423348,0.517992,0,-6.4049e-06,0,-2.24156,0.186791,-2.24157,0,2.8257e-06,0,0.874288,0.0353791,0.874287,0,5.35777e-07,0,2.40592,0.162623,2.40591,0,2.46033e-06,0,-2.4416,-0.272995,-2.4416,0,-4.12993e-06,0
0.310036,-0.593729,0.664818,-0.593755,0,2.6183e-05,0,0.512581,-1.10074,0.512624,0,-4.33511e-05,0,-2.23889,0.557532,-2.23891,0,2.19577e-05,0,0.874215,-0.0370981,0.874216,0,-1.46106e-06,0,2.40801,0.426306,2.40799,0,1.67895e-05,0,-2.44534,-0.772713,-2.44531,0,-3.04323e-05,0
0.32004,-0.58946,0.69201,-0.589462,0,1.95003e-06,0,0.505513,-1.14576,0.505516,0,-3.22865e-06,0,-2.23531,0.580336,-2.23531,0,1.63534e-06,0,0.873977,-0.0386155,0.873977,0,-1.08815e-07,0,2.41074,0.443742,2.41074,0,1.25043e-06,0,-2.4503,-0.804319,-2.4503,0,-2.26651e-06,0
0.329989,-0.585056,0.728034,-0.585019,0,-3.62298e-05,0,0.498221,-1.2054,0.498161,0,5.99854e-05,0,-2.23161,0.610547,-2.23158,0,-3.03832e-05,0,0.873731,-0.0406257,0.873729,0,2.02169e-06,0,2.41357,0.466842,2.41359,0,-2.32319e-05,0,-2.45542,-0.846189,-2.45546,0,4.21096e-05,0
0.339993,-0.580439,0.755183,-0.580443,0,3.44772e-06,0,0.490578,-1.25035,0.490583,0,-5.70837e-06,0,-2.22774,0.633315,-2.22775,0,2.89134e-06,0,0.873473,-0.0421407,0.873474,0,-1.9239e-07,0,2.41653,0.484251,2.41653,0,2.21081e-06,0,-2.46079,-0.877745,-2.46078,0,-4.00727e-06,0
0.349985,-0.575658,0.78439,-0.575653,0,-5.5646e-06,0,0.482662,-1.29871,0.482652,0,9.21327e-06,0,-2.22373,0.657809,-2.22373,0,-4.66661e-06,0,0.873207,-0.0437705,0.873206,0,3.10515e-07,0,2.41959,0.50298,2.4196,0,-3.56822e-06,0,-2.46634,-0.911692,-2.46635,0,6.46769e-06,0
0.359988,-0.570696,0.81179,-0.570698,0,2.45815e-06,0,0.474445,-1.34408,0.474449,0,-4.06995e-06,0,-2.21957,0.680787,-2.21957,0,2.06146e-06,0,0.87293,-0.0452995,0.87293,0,-1.3717e-07,0,2.42278,0.52055,2.42277,0,1.57626e-06,0,-2.47211,-0.943539,-2.47211,0,-2.85709e-06,0
0.369997,-0.565556,0.837383,-0.565563,0,6.57607e-06,0,0.465936,-1.38645,0.465947,0,-1.0888e-05,0,-2.21526,0.70225,-2.21527,0,5.51485e-06,0,0.872643,-0.0467276,0.872643,0,-3.66958e-07,0,2.42607,0.536961,2.42607,0,4.21682e-06,0,-2.47809,-0.973285,-2.47808,0,-7.64333e-06,0
0.380031,-0.560239,0.853637,-0.560267,0,2.79673e-05,0,0.457133,-1.41336,0.457179,0,-4.63053e-05,0,-2.2108,0.715881,-2.21083,0,2.34541e-05,0,0.872346,-0.0476346,0.872348,0,-1.56063e-06,0,2.42948,0.547383,2.42946,0,1.79337e-05,0,-2.48427,-0.992176,-2.48423,0,-3.25062e-05,0
0.389971,-0.554875,0.883467,-0.554824,0,-5.17647e-05,0,0.448252,-1.46275,0.448166,0,8.57065e-05,0,-2.2063,0.740897,-2.20626,0,-4.34111e-05,0,0.872047,-0.0492992,0.872044,0,2.88857e-06,0,2.43292,0.566512,2.43295,0,-3.31934e-05,0,-2.4905,-1.02685,-2.49056,0,6.01657e-05,0
0.399977,-0.549358,0.893713,-0.549363,0,5.45661e-06,0,0.439117,-1.47962,0.439126,0,-9.03396e-06,0,-2.20168,0.749599,-2.20168,0,4.57664e-06,0,0.871739,-0.050157,0.871739,0,-3.06062e-07,0,2.43646,0.57305,2.43645,0,3.4988e-06,0,-2.49691,-1.03884,-2.49691,0,-6.34262e-06,0
0.409982,-0.546512,0.389549,-0.546514,0,1.83305e-06,0,0.434544,-0.618835,0.434547,0,-2.91196e-06,0,-2.19913,0.357157,-2.19913,0,1.68062e-06,0,0.871154,-0.101645,0.871155,0,-4.78295e-07,0,2.43824,0.240966,2.43824,0,1.13388e-06,0,-2.50034,-0.475066,-2.50034,0,-2.23545e-06,0
0.42,-0.544081,0.389315,-0.544089,0,8.15869e-06,0,0.430681,-0.618463,0.430694,0,-1.29608e-05,0,-2.1969,0.356942,-2.19691,0,7.48027e-06,0,0.87052,-0.101584,0.870522,0,-2.12884e-06,0,2.43974,0.240821,2.43974,0,5.04677e-06,0,-2.5033,-0.47478,-2.5033,0,-9.94975e-06,0
0.429978,-0.541663,0.3911,-0.541654,0,-9.44251e-06,0,0.426841,-0.621298,0.426826,0,1.50003e-05,0,-2.19468,0.358578,-2.19467,0,-8.65733e-06,0,0.869889,-0.102049,0.869887,0,2.46383e-06,0,2.44124,0.241925,2.44124,0,-5.84091e-06,0,-2.50625,-0.476957,-2.50626,0,1.15154e-05,0
0.439983,-0.539243,0.388207,-0.539245,0,1.93516e-06,0,0.422996,-0.616703,0.422999,0,-3.07418e-06,0,-2.19246,0.355926,-2.19247,0,1.77424e-06,0,0.869258,-0.101295,0.869258,0,-5.0494e-07,0,2.44273,0.240136,2.44273,0,1.19704e-06,0,-2.5092,-0.47343,-2.5092,0,-2.35998e-06,0
0.449989,-0.536844,0.383179,-0.536846,0,2.33904e-06,0,0.419185,-0.608715,0.419189,0,-3.71578e-06,0,-2.19026,0.351316,-2.19027,0,2.14454e-06,0,0.868632,-0.0999826,0.868632,0,-6.10323e-07,0,2.44422,0.237025,2.44422,0,1.44687e-06,0,-2.51213,-0.467297,-2.51213,0,-2.85252e-06,0
0.459994,-0.53448,0.376197,-0.534482,0,1.98075e-06,0,0.41543,-0.597624,0.415433,0,-3.1466e-06,0,-2.1881,0.344915,-2.1881,0,1.81604e-06,0,0.868015,-0.0981608,0.868015,0,-5.16835e-07,0,2.44568,0.232706,2.44568,0,1.22524e-06,0,-2.51501,-0.458782,-2.51501,0,-2.41558e-06,0
0.469983,-0.532169,0.368627,-0.532165,0,-4.28543e-06,0,0.411759,-0.585598,0.411752,0,6.80781e-06,0,-2.18598,0.337974,-2.18597,0,-3.92908e-06,0,0.867412,-0.0961855,0.867411,0,1.11819e-06,0,2.44711,0.228024,2.44711,0,-2.65087e-06,0,-2.51783,-0.44955,-2.51784,0,5.2262e-06,0
0.480021,-0.5299,0.359084,-0.529913,0,1.39222e-05,0,0.408153,-0.570438,0.408176,0,-2.21168e-05,0,-2.1839,0.329224,-2.18391,0,1.27645e-05,0,0.86682,-0.0936954,0.866823,0,-3.63272e-06,0,2.44851,0.222121,2.4485,0,8.61196e-06,0,-2.5206,-0.437912,-2.52058,0,-1.69785e-05,0
0.489985,-0.527953,0.000156135,-0.527953,0,-5.29715e-09,0,0.405061,-0.000246481,0.405061,0,8.36228e-09,0,-2.18211,0.000144945,-2.18211,0,-4.91751e-09,0,0.866312,-4.55435e-05,0.866312,0,1.54514e-09,0,2.44972,9.60166e-05,2.44972,0,-3.25753e-09,0,-2.52297,-0.000191809,-2.52297,0,6.50744e-09,0
0.500026,-0.527952,0.000148184,-0.527952,0,5.62701e-09,0,0.405059,-0.000233929,0.405059,0,-8.88301e-09,0,-2.18211,0.000137564,-2.18211,0,5.22372e-09,0,0.866311,-4.32243e-05,0.866311,0,-1.64136e-09,0,2.44972,9.11272e-05,2.44972,0,3.46038e-09,0,-2.52297,-0.000182041,-2.52297,0,-6.91267e-09,0
0.51002,-0.527951,0.00014083,-0.527951,0,-6.94602e-10,0,0.405058,-0.00022232,0.405058,0,1.09652e-09,0,-2.18211,0.000130737,-2.18211,0,-6.4482e-10,0,0.866311,-4.10792e-05,0.866311,0,2.0261e-10,0,2.44972,8.66047e-05,2.44972,0,-4.27151e-10,0,-2.52298,-0.000173007,-2.52298,0,8.53304e-10,0
0.519988,-0.52795,0.000133438,-0.52795,0,-4.43458e-09,0,0.405057,-0.00021065,0.405057,0,7.00059e-09,0,-2.18211,0.000123874,-2.18211,0,-4.11675e-09,0,0.866311,-3.8923e-05,0.866311,0,1.29354e-09,0,2.44972,8.20588e-05,2.44972,0,-2.72708e-09,0,-2.52298,-0.000163926,-2.52298,0,5.44778e-09,0
0.529985,-0.527949,0.000124682,-0.527949,0,9.87572e-11,0,0.405055,-0.000196828,0.405055,0,-1.55902e-10,0,-2.18211,0.000115746,-2.18211,0,9.16791e-11,0,0.866311,-3.63689e-05,0.866311,0,-2.88068e-11,0,2.44972,7.66742e-05,2.44972,0,6.07314e-11,0,-2.52298,-0.000153169,-2.52298,0,-1.21321e-10,0
0.539987,-0.527948,0.000115899,-0.527948,0,2.21301e-10,0,0.405054,-0.000182963,0.405054,0,-3.49353e-10,0,-2.18211,0.000107593,-2.18211,0,2.05441e-10,0,0.86631,-3.38071e-05,0.86631,0,-6.45519e-11,0,2.44972,7.12733e-05,2.44972,0,1.36091e-10,0,-2.52298,-0.00014238,-2.52298,0,-2.71863e-10,0
0.549995,-0.527948,0.000107044,-0.527948,0,5.56103e-10,0,0.405053,-0.000168983,0.405053,0,-8.77885e-10,0,-2.18211,9.93719e-05,-2.18211,0,5.16247e-10,0,0.86631,-3.12239e-05,0.86631,0,-1.62211e-10,0,2.44972,6.58275e-05,2.44972,0,3.4198e-10,0,-2.52298,-0.000131501,-2.52298,0,-6.83161e-10,0
0.560005,-0.527947,9.81114e-05,-0.527947,0,9.3524e-10,0,0.405052,-0.000154882,0.405052,0,-1.47641e-09,0,-2.18211,9.10798e-05,-2.18211,0,8.68212e-10,0,0.86631,-2.86184e-05,0.86631,0,-2.72803e-10,0,2.44972,6.03345e-05,2.44972,0,5.75134e-10,0,-2.52298,-0.000120528,-2.52298,0,-1.14892e-09,0
0.569978,-0.527947,8.99464e-05,-0.527947,0,-2.32163e-09,0,0.405051,-0.000141993,0.405051,0,3.66501e-09,0,-2.18211,8.35e-05,-2.18211,0,-2.15524e-09,0,0.86631,-2.62368e-05,0.86631,0,6.77203e-10,0,2.44972,5.53133e-05,2.44972,0,-1.4277e-09,0,-2.52298,-0.000110497,-2.52298,0,2.85207e-09,0
0.579988,-0.527946,8.09799e-05,-0.527946,0,9.41999e-10,0,0.40505,-0.000127838,0.40505,0,-1.48707e-09,0,-2.18211,7.51761e-05,-2.18211,0,8.74485e-10,0,0.86631,-2.36213e-05,0.86631,0,-2.74775e-10,0,2.44972,4.97993e-05,2.44972,0,5.7929e-10,0,-2.52298,-9.94821e-05,-2.52298,0,-1.15723e-09,0
0.589986,-0.527946,7.23163e-05,-0.527946,0,-2.7591e-10,0,0.405049,-0.000114161,0.405049,0,4.35563e-10,0,-2.18211,6.71334e-05,-2.18211,0,-2.56136e-10,0,0.86631,-2.10942e-05,0.86631,0,8.04812e-11,0,2.44972,4.44715e-05,2.44972,0,-1.69674e-10,0,-2.52298,-8.8839e-05,-2.52298,0,3.3895e-10,0
0.600013,-0.527945,6.32616e-05,-0.527945,0,1.3968e-09,0,0.405049,-9.98671e-05,0.405049,0,-2.20503e-09,0,-2.18211,5.87276e-05,-2.18211,0,1.29669e-09,0,0.866309,-1.8453e-05,0.866309,0,-4.07436e-10,0,2.44972,3.89033e-05,2.44972,0,8.58972e-10,0,-2.52298,-7.77155e-05,-2.52298,0,-1.71593e-09,0
0.609988,-0.527945,5.48044e-05,-0.527945,0,-1.01856e-09,0,0.405048,-8.65163e-05,0.405048,0,1.60794e-09,0,-2.1821,5.08766e-05,-2.1821,0,-9.4556e-10,0,0.866309,-1.59861e-05,0.866309,0,2.97107e-10,0,2.44972,3.37024e-05,2.44972,0,-6.26372e-10,0,-2.52298,-6.73261e-05,-2.52298,0,1.25128e-09,0
0.619995,-0.527944,4.60229e-05,-0.527944,0,2.32642e-10,0,0.405048,-7.26535e-05,0.405048,0,-3.67257e-10,0,-2.1821,4.27244e-05,-2.1821,0,2.15969e-10,0,0.866309,-1.34246e-05,0.866309,0,-6.78601e-11,0,2.44972,2.83022e-05,2.44972,0,1.43066e-10,0,-2.52298,-5.65381e-05,-2.52298,0,-2.85795e-10,0
0.629998,-0.527944,3.73678e-05,-0.527944,0,1.13152e-10,0,0.405047,-5.89903e-05,0.405047,0,-1.78625e-10,0,-2.1821,3.46897e-05,-2.1821,0,1.05042e-10,0,0.866309,-1.08999e-05,0.866309,0,-3.30057e-11,0,2.44972,2.29797e-05,2.44972,0,6.95839e-11,0,-2.52298,-4.59056e-05,-2.52298,0,-1.39003e-10,0
0.639966,-0.527944,2.97424e-05,-0.527944,0,-9.55462e-10,0,0.405047,-4.69525e-05,0.405047,0,1.50833e-09,0,-2.1821,2.76108e-05,-2.1821,0,-8.86984e-10,0,0.866309,-8.67567e-06,0.866309,0,2.78702e-10,0,2.44972,1.82904e-05,2.44972,0,-5.8757e-10,0,-2.52298,-3.6538e-05,-2.52298,0,1.17377e-09,0
0.649998,-0.527944,2.26084e-05,-0.527944,0,7.08881e-10,0,0.405047,-3.56905e-05,0.405047,0,-1.11907e-09,0,-2.1821,2.09881e-05,-2.1821,0,6.58075e-10,0,0.866309,-6.59472e-06,0.866309,0,-2.06776e-10,0,2.44972,1.39032e-05,2.44972,0,4.35932e-10,0,-2.52298,-2.7774e-05,-2.52298,0,-8.70845e-10,0
0.659982,-0.527944,1.66658e-05,-0.527944,0,-2.4828e-10,0,0.405047,-2.63092e-05,0.405047,0,3.91944e-10,0,-2.1821,1.54713e-05,-2.1821,0,-2.30486e-10,0,0.866309,-4.86129e-06,0.866309,0,7.24216e-11,0,2.44972,1.02488e-05,2.44972,0,-1.52682e-10,0,-2.52298,-2.04735e-05,-2.52298,0,3.05007e-10,0
0.67003,-0.527944,1.14467e-05,-0.527944,0,5.49296e-10,0,0.405046,-1.80702e-05,0.405046,0,-8.67139e-10,0,-2.1821,1.06263e-05,-2.1821,0,5.09927e-10,0,0.866309,-3.33892e-06,0.866309,0,-1.60226e-10,0,2.44972,7.03924e-06,2.44972,0,3.37794e-10,0,-2.52298,-1.4062e-05,-2.52298,0,-6.74798e-10,0
0.679986,-0.527944,7.3941e-06,-0.527944,0,-3.04107e-10,0,0.405046,-1.16726e-05,0.405046,0,4.80074e-10,0,-2.1821,6.86416e-06,-2.1821,0,-2.82312e-10,0,0.866309,-2.15681e-06,0.866309,0,8.87059e-11,0,2.44972,4.54706e-06,2.44972,0,-1.87013e-10,0,-2.52298,-9.08349e-06,-2.52298,0,3.73588e-10,0
0.689967,-0.527944,4.17637e-06,-0.527944,0,-8.08125e-11,0,0.405046,-6.59298e-06,0.405046,0,1.27573e-10,0,-2.1821,3.87705e-06,-2.1821,0,-7.50209e-11,0,0.866309,-1.21822e-06,0.866309,0,2.35725e-11,0,2.44972,2.5683e-06,2.44972,0,-4.96967e-11,0,-2.52298,-5.13059e-06,-2.52298,0,9.92761e-11,0
0.699986,-0.527944,1.84689e-06,-0.527944,0,3.40417e-11,0,0.405046,-2.91557e-06,0.405046,0,-5.37395e-11,0,-2.1821,1.71452e-06,-2.1821,0,3.16018e-11,0,0.866309,-5.38725e-07,0.866309,0,-9.92983e-12,0,2.44972,1.13576e-06,2.44972,0,2.09339e-11,0,-2.52298,-2.26886e-06,-2.52298,0,-4.18199e-11,0
0.71002,-0.527944,4.55988e-07,-0.527944,0,1.4855e-11,0,0.405046,-7.1984e-07,0.405046,0,-2.34505e-11,0,-2.1821,4.23307e-07,-2.1821,0,1.37903e-11,0,0.866309,-1.33009e-07,0.866309,0,-4.33309e-12,0,2.44972,2.80414e-07,2.44972,0,9.1358e-12,0,-2.52298,-5.60171e-07,-2.52298,0,-1.8249e-11,0
0.719997,-0.527944,0,-0.527944,0,0,0,0.405046,0,0.405046,0,0,0,-2.1821,0,-2.1821,0,0,0,0.866309,0,0.866309,0,0,0,2.44972,0,2.44972,0,0,0,-2.52298,0,-2.52298,0,0,0
0.730009,-0.527944,0,-0.527944,0,0,0,0.405046,0,0.405046,0,0,0,-2.1821,0,-2.1821,0,0,0,0.866309,0,0.866309,0,0,0,2.44972,0,2.44972,0,0,0,-2.52298,0,-2.52298,0,0,0
0.740019,-0.527944,0,-0.527944,0,0,0,0.405046,0,0.405046,0,0,0,-2.1821,0,-2.1821,0,0,0,0.866309,0,0.866309,0,0,0,2.44972,0,2.44972,0,0,0,-2.52298,0,-2.52298,0,0,0
0.749973,-0.527944,0,-0.527944,0,0,0,0.405046,0,0.405046,0,0,0,-2.1821,0,-2.1821,0,0,0,0.866309,0,0.866309,0,0,0,2.44972,0,2.44972,0,0,0,-2.52298,0,-2.52298,0,0,0
0.759994,-0.527944,0,-0.527944,0,0,0,0.405046,0,0.405046,0,0,0,-2.1821,0,-2.1821,0,0,0,0.866309,0,0.866309,0,0,0,2.44972,0,2.44972,0,0,0,-2.52298,0,-2.52298,0,0,0
0.77002,-0.527944,0,-0.527944,0,0,0,0.405046,0,0.405046,0,0,0,-2.1821,0,-2.1821,0,0,0,0.866309,0,0.866309,0,0,0,2.44972,0,2.44972,0,0,0,-2.52298,0,-2.52298,0,0,0
