time_sec,q0,q1,q2,q3,q4,q5,tau0,tau1,tau2,tau3,tau4,tau5
0,-0.734731,-1.75432,2.4327,-1.56191,-3.90277,3.47065,nan,nan,nan,nan,nan,nan
0.01,-0.734743,-1.75432,2.43271,-1.56191,-3.90278,3.47067,nan,nan,nan,nan,nan,nan
0.02,-0.734765,-1.75431,2.43273,-1.56191,-3.90279,3.47069,nan,nan,nan,nan,nan,nan
0.032,-0.734785,-1.75431,2.43275,-1.56191,-3.90281,3.47072,nan,nan,nan,nan,nan,nan
0.046,-0.73481,-1.75431,2.43277,-1.56192,-3.90282,3.47075,nan,nan,nan,nan,nan,nan
0.058,-0.734828,-1.75431,2.43278,-1.56192,-3.90283,3.47077,nan,nan,nan,nan,nan,nan
0.068,-0.734848,-1.7543,2.4328,-1.56192,-3.90285,3.4708,nan,nan,nan,nan,nan,nan
0.09,-0.734866,-1.7543,2.43281,-1.56192,-3.90286,3.47082,nan,nan,nan,nan,nan,nan
0.102,-0.734883,-1.7543,2.43282,-1.56192,-3.90287,3.47084,nan,nan,nan,nan,nan,nan
0.116,-0.734896,-1.7543,2.43283,-1.56193,-3.90288,3.47085,nan,nan,nan,nan,nan,nan
0.126,-0.734919,-1.7543,2.43285,-1.56193,-3.90289,3.47088,nan,nan,nan,nan,nan,nan
0.138,-0.734923,-1.7543,2.43285,-1.56193,-3.90289,3.47089,nan,nan,nan,nan,nan,nan
0.148,-0.73493,-1.7543,2.43286,-1.56193,-3.9029,3.4709,nan,nan,nan,nan,nan,nan
0.158,-0.734943,-1.75429,2.43287,-1.56193,-3.90291,3.47091,nan,nan,nan,nan,nan,nan
0.168,-0.734948,-1.75429,2.43287,-1.56193,-3.90291,3.47092,nan,nan,nan,nan,nan,nan
0.184,-0.734962,-1.75429,2.43289,-1.56193,-3.90292,3.47093,nan,nan,nan,nan,nan,nan
0.194,-0.734968,-1.75429,2.43289,-1.56193,-3.90292,3.47094,nan,nan,nan,nan,nan,nan
0.208,-0.734979,-1.75429,2.4329,-1.56193,-3.90293,3.47096,nan,nan,nan,nan,nan,nan
0.218,-0.734976,-1.75429,2.4329,-1.56193,-3.90293,3.47095,nan,nan,nan,nan,nan,nan
0.228,-0.734963,-1.75429,2.43289,-1.56193,-3.90292,3.47094,nan,nan,nan,nan,nan,nan
0.24,-0.734948,-1.75429,2.43288,-1.56193,-3.90291,3.47092,nan,nan,nan,nan,nan,nan
0.25,-0.73493,-1.75429,2.43286,-1.56193,-3.9029,3.4709,nan,nan,nan,nan,nan,nan
0.26,-0.734898,-1.7543,2.43284,-1.56192,-3.90287,3.47086,nan,nan,nan,nan,nan,nan
0.274,-0.734838,-1.7543,2.43279,-1.56191,-3.90284,3.47079,nan,nan,nan,nan,nan,nan
0.284,-0.734791,-1.75431,2.43275,-1.56191,-3.90281,3.47073,nan,nan,nan,nan,nan,nan
0.294,-0.73472,-1.75432,2.43269,-1.5619,-3.90276,3.47065,nan,nan,nan,nan,nan,nan
0.306,-0.734614,-1.75433,2.43261,-1.56188,-3.90269,3.47053,nan,nan,nan,nan,nan,nan
0.318,-0.73448,-1.75434,2.4325,-1.56187,-3.90261,3.47038,nan,nan,nan,nan,nan,nan
0.328,-0.734344,-1.75436,2.43239,-1.56185,-3.90252,3.47022,nan,nan,nan,nan,nan,nan
0.34,-0.734186,-1.75438,2.43227,-1.56183,-3.90242,3.47004,nan,nan,nan,nan,nan,nan
0.35,-0.734031,-1.7544,2.43214,-1.56181,-3.90232,3.46986,nan,nan,nan,nan,nan,nan
0.36,-0.733884,-1.75442,2.43202,-1.5618,-3.90223,3.46969,nan,nan,nan,nan,nan,nan
0.37,-0.733653,-1.75444,2.43184,-1.56176,-3.90208,3.46943,nan,nan,nan,nan,nan,nan
0.38,-0.733385,-1.75447,2.43162,-1.56173,-3.90191,3.46912,nan,nan,nan,nan,nan,nan
0.39,-0.73309,-1.75451,2.43138,-1.56169,-3.90173,3.46878,nan,nan,nan,nan,nan,nan
0.4,-0.732767,-1.75455,2.43112,-1.56165,-3.90152,3.46841,nan,nan,nan,nan,nan,nan
0.41,-0.732416,-1.75459,2.43084,-1.56161,-3.9013,3.46801,nan,nan,nan,nan,nan,nan
0.42,-0.732035,-1.75464,2.43053,-1.56156,-3.90106,3.46758,nan,nan,nan,nan,nan,nan
0.43,-0.731624,-1.75469,2.4302,-1.56151,-3.9008,3.46711,nan,nan,nan,nan,nan,nan
0.44,-0.731181,-1.75475,2.42984,-1.56146,-3.90052,3.4666,nan,nan,nan,nan,nan,nan
0.45,-0.730707,-1.75481,2.42946,-1.5614,-3.90022,3.46606,nan,nan,nan,nan,nan,nan
0.46,-0.730199,-1.75488,2.42905,-1.56134,-3.89991,3.46548,nan,nan,nan,nan,nan,nan
0.47,-0.729658,-1.75495,2.42861,-1.56127,-3.89957,3.46486,nan,nan,nan,nan,nan,nan
0.48,-0.729083,-1.75502,2.42814,-1.56121,-3.8992,3.46421,nan,nan,nan,nan,nan,nan
0.49,-0.728474,-1.7551,2.42765,-1.56113,-3.89882,3.46351,nan,nan,nan,nan,nan,nan
0.5,-0.727829,-1.75518,2.42713,-1.56105,-3.89842,3.46278,nan,nan,nan,nan,nan,nan
0.51,-0.727147,-1.75527,2.42657,-1.56097,-3.89799,3.462,nan,nan,nan,nan,nan,nan
0.52,-0.72643,-1.75537,2.42599,-1.56089,-3.89754,3.46118,nan,nan,nan,nan,nan,nan
0.53,-0.725675,-1.75547,2.42538,-1.5608,-3.89706,3.46032,nan,nan,nan,nan,nan,nan
0.54,-0.724883,-1.75557,2.42474,-1.5607,-3.89657,3.45942,nan,nan,nan,nan,nan,nan
0.55,-0.724055,-1.75568,2.42407,-1.5606,-3.89605,3.45847,nan,nan,nan,nan,nan,nan
0.56,-0.723122,-1.75578,2.42331,-1.5605,-3.89546,3.4574,nan,nan,nan,nan,nan,nan
0.57,-0.722038,-1.75589,2.42242,-1.56038,-3.89478,3.45613,nan,nan,nan,nan,nan,nan
0.58,-0.720798,-1.756,2.42139,-1.56028,-3.89401,3.45468,nan,nan,nan,nan,nan,nan
0.59,-0.719404,-1.75611,2.42023,-1.56017,-3.89315,3.45303,nan,nan,nan,nan,nan,nan
0.6,-0.717857,-1.75623,2.41892,-1.56006,-3.8922,3.4512,nan,nan,nan,nan,nan,nan
0.61,-0.71616,-1.75635,2.41749,-1.55995,-3.89116,3.44919,nan,nan,nan,nan,nan,nan
0.62,-0.714314,-1.75648,2.41591,-1.55985,-3.89004,3.44699,nan,nan,nan,nan,nan,nan
0.63,-0.712321,-1.75662,2.41421,-1.55974,-3.88883,3.44461,nan,nan,nan,nan,nan,nan
0.64,-0.710181,-1.75676,2.41238,-1.55964,-3.88753,3.44205,nan,nan,nan,nan,nan,nan
0.65,-0.707897,-1.7569,2.41042,-1.55953,-3.88615,3.43931,nan,nan,nan,nan,nan,nan
0.66,-0.705471,-1.75706,2.40833,-1.55943,-3.88468,3.4364,nan,nan,nan,nan,nan,nan
0.67,-0.702902,-1.75721,2.40611,-1.55932,-3.88314,3.43331,nan,nan,nan,nan,nan,nan
0.68,-0.700422,-1.75739,2.40395,-1.55924,-3.88166,3.43035,nan,nan,nan,nan,nan,nan
0.69,-0.697595,-1.75753,2.40152,-1.55912,-3.87994,3.42693,nan,nan,nan,nan,nan,nan
0.7,-0.694649,-1.7577,2.39897,-1.55902,-3.87818,3.42338,nan,nan,nan,nan,nan,nan
0.71,-0.691701,-1.75787,2.39639,-1.55894,-3.87643,3.41982,nan,nan,nan,nan,nan,nan
0.72,-0.68876,-1.75803,2.39381,-1.55889,-3.87469,3.41626,nan,nan,nan,nan,nan,nan
0.73,-0.685824,-1.75818,2.39122,-1.55884,-3.87295,3.41269,nan,nan,nan,nan,nan,nan
0.74,-0.682892,-1.75831,2.38862,-1.55881,-3.87123,3.40912,nan,nan,nan,nan,nan,nan
0.75,-0.679964,-1.75843,2.38602,-1.5588,-3.86951,3.40554,nan,nan,nan,nan,nan,nan
0.76,-0.67704,-1.75854,2.38341,-1.55879,-3.8678,3.40196,nan,nan,nan,nan,nan,nan
0.77,-0.674122,-1.75863,2.3808,-1.5588,-3.86609,3.39837,nan,nan,nan,nan,nan,nan
0.78,-0.671212,-1.75872,2.37819,-1.55881,-3.8644,3.39478,nan,nan,nan,nan,nan,nan
0.79,-0.668314,-1.75879,2.37558,-1.55884,-3.86271,3.3912,nan,nan,nan,nan,nan,nan
0.8,-0.665431,-1.75886,2.37298,-1.55888,-3.86104,3.38763,nan,nan,nan,nan,nan,nan
0.81,-0.662565,-1.75892,2.37038,-1.55893,-3.85938,3.38408,nan,nan,nan,nan,nan,nan
0.82,-0.659771,-1.75898,2.36785,-1.55898,-3.85777,3.38061,nan,nan,nan,nan,nan,nan
0.83,-0.657104,-1.75904,2.36542,-1.55904,-3.85623,3.3773,nan,nan,nan,nan,nan,nan
0.84,-0.654566,-1.7591,2.36311,-1.55909,-3.85478,3.37416,nan,nan,nan,nan,nan,nan
0.85,-0.652151,-1.75915,2.36091,-1.55914,-3.85339,3.37116,nan,nan,nan,nan,nan,nan
0.86,-0.649853,-1.75921,2.35882,-1.55919,-3.85206,3.36831,nan,nan,nan,nan,nan,nan
0.87,-0.647667,-1.75926,2.35684,-1.55924,-3.8508,3.3656,nan,nan,nan,nan,nan,nan
0.88,-0.645586,-1.7593,2.35495,-1.55928,-3.8496,3.36302,nan,nan,nan,nan,nan,nan
0.89,-0.643605,-1.75934,2.35315,-1.55932,-3.84846,3.36056,nan,nan,nan,nan,nan,nan
0.9,-0.641721,-1.75938,2.35143,-1.55936,-3.84738,3.35823,nan,nan,nan,nan,nan,nan
0.91,-0.639927,-1.75942,2.3498,-1.5594,-3.84635,3.356,nan,nan,nan,nan,nan,nan
0.92,-0.638221,-1.75946,2.34825,-1.55943,-3.84536,3.35388,nan,nan,nan,nan,nan,nan
0.93,-0.636597,-1.75949,2.34678,-1.55947,-3.84443,3.35187,nan,nan,nan,nan,nan,nan
0.94,-0.635052,-1.75952,2.34538,-1.5595,-3.84354,3.34995,nan,nan,nan,nan,nan,nan
0.95,-0.633582,-1.75955,2.34404,-1.55953,-3.84269,3.34812,nan,nan,nan,nan,nan,nan
0.96,-0.632183,-1.75958,2.34277,-1.55955,-3.84188,3.34639,nan,nan,nan,nan,nan,nan
0.97,-0.630852,-1.7596,2.34156,-1.55958,-3.84111,3.34473,nan,nan,nan,nan,nan,nan
0.98,-0.629586,-1.75962,2.34041,-1.55961,-3.84038,3.34316,nan,nan,nan,nan,nan,nan
0.99,-0.628381,-1.75965,2.33932,-1.55963,-3.83969,3.34166,nan,nan,nan,nan,nan,nan
1,-0.627235,-1.75966,2.33828,-1.55965,-3.83903,3.34024,nan,nan,nan,nan,nan,nan
1.01,-0.626144,-1.75968,2.33729,-1.55967,-3.8384,3.33888,nan,nan,nan,nan,nan,nan
1.02,-0.625107,-1.7597,2.33635,-1.55969,-3.8378,3.33759,nan,nan,nan,nan,nan,nan
1.03,-0.624121,-1.75972,2.33546,-1.55971,-3.83723,3.33637,nan,nan,nan,nan,nan,nan
1.04,-0.623182,-1.75973,2.33461,-1.55973,-3.83668,3.3352,nan,nan,nan,nan,nan,nan
1.05,-0.62229,-1.75974,2.3338,-1.55974,-3.83617,3.33409,nan,nan,nan,nan,nan,nan
1.06,-0.621441,-1.75976,2.33303,-1.55976,-3.83568,3.33304,nan,nan,nan,nan,nan,nan
1.07,-0.620634,-1.75977,2.3323,-1.55977,-3.83521,3.33203,nan,nan,nan,nan,nan,nan
1.08,-0.619867,-1.75978,2.3316,-1.55979,-3.83476,3.33108,nan,nan,nan,nan,nan,nan
1.09,-0.619138,-1.75979,2.33094,-1.5598,-3.83434,3.33017,nan,nan,nan,nan,nan,nan
1.1,-0.618444,-1.7598,2.33032,-1.55981,-3.83394,3.32931,nan,nan,nan,nan,nan,nan
1.11,-0.617785,-1.75981,2.32972,-1.55982,-3.83356,3.32849,nan,nan,nan,nan,nan,nan
1.12,-0.617158,-1.75982,2.32915,-1.55983,-3.83319,3.32771,nan,nan,nan,nan,nan,nan
1.13,-0.616563,-1.75982,2.32861,-1.55984,-3.83285,3.32696,nan,nan,nan,nan,nan,nan
1.14,-0.615997,-1.75983,2.3281,-1.55985,-3.83252,3.32626,nan,nan,nan,nan,nan,nan
1.15,-0.615458,-1.75984,2.32761,-1.55986,-3.83221,3.32559,nan,nan,nan,nan,nan,nan
1.16,-0.614947,-1.75984,2.32715,-1.55987,-3.83191,3.32495,nan,nan,nan,nan,nan,nan
1.17,-0.61446,-1.75985,2.32671,-1.55987,-3.83163,3.32435,nan,nan,nan,nan,nan,nan
1.18,-0.613998,-1.75985,2.32629,-1.55988,-3.83136,3.32377,nan,nan,nan,nan,nan,nan
1.19,-0.613558,-1.75986,2.3259,-1.55989,-3.8311,3.32322,nan,nan,nan,nan,nan,nan
1.2,-0.613141,-1.75986,2.32552,-1.55989,-3.83086,3.3227,nan,nan,nan,nan,nan,nan
1.21,-0.612743,-1.75986,2.32516,-1.5599,-3.83063,3.32221,nan,nan,nan,nan,nan,nan
1.22,-0.612366,-1.75987,2.32482,-1.55991,-3.83041,3.32173,nan,nan,nan,nan,nan,nan
1.23,-0.612007,-1.75987,2.3245,-1.55991,-3.8302,3.32129,nan,nan,nan,nan,nan,nan
1.24,-0.611666,-1.75987,2.32419,-1.55992,-3.83,3.32086,nan,nan,nan,nan,nan,nan
1.25,-0.611341,-1.75988,2.3239,-1.55992,-3.82981,3.32046,nan,nan,nan,nan,nan,nan
1.26,-0.611033,-1.75988,2.32362,-1.55992,-3.82963,3.32007,nan,nan,nan,nan,nan,nan
1.27,-0.61074,-1.75988,2.32335,-1.55993,-3.82946,3.31971,nan,nan,nan,nan,nan,nan
1.28,-0.610462,-1.75988,2.3231,-1.55993,-3.82929,3.31936,nan,nan,nan,nan,nan,nan
1.29,-0.610197,-1.75988,2.32286,-1.55993,-3.82914,3.31903,nan,nan,nan,nan,nan,nan
1.3,-0.609945,-1.75988,2.32264,-1.55994,-3.82899,3.31871,nan,nan,nan,nan,nan,nan
1.31,-0.609706,-1.75989,2.32242,-1.55994,-3.82885,3.31842,nan,nan,nan,nan,nan,nan
1.32,-0.609478,-1.75989,2.32222,-1.55994,-3.82872,3.31813,nan,nan,nan,nan,nan,nan
1.33,-0.609262,-1.75989,2.32202,-1.55994,-3.82859,3.31786,nan,nan,nan,nan,nan,nan
1.34,-0.609057,-1.75989,2.32184,-1.55995,-3.82847,3.3176,nan,nan,nan,nan,nan,nan
1.35,-0.608861,-1.75989,2.32166,-1.55995,-3.82836,3.31736,nan,nan,nan,nan,nan,nan
1.36,-0.608676,-1.75989,2.32149,-1.55995,-3.82825,3.31713,nan,nan,nan,nan,nan,nan
1.37,-0.608499,-1.75989,2.32133,-1.55995,-3.82815,3.31691,nan,nan,nan,nan,nan,nan
1.38,-0.608331,-1.75989,2.32118,-1.55995,-3.82805,3.3167,nan,nan,nan,nan,nan,nan
1.39,-0.608172,-1.75989,2.32104,-1.55996,-3.82795,3.3165,nan,nan,nan,nan,nan,nan
1.4,-0.60802,-1.75989,2.3209,-1.55996,-3.82786,3.31631,nan,nan,nan,nan,nan,nan
1.41,-0.607876,-1.75989,2.32077,-1.55996,-3.82778,3.31613,nan,nan,nan,nan,nan,nan
1.42,-0.607739,-1.75989,2.32065,-1.55996,-3.8277,3.31596,nan,nan,nan,nan,nan,nan
1.43,-0.607609,-1.75989,2.32053,-1.55996,-3.82762,3.31579,nan,nan,nan,nan,nan,nan
1.44,-0.607485,-1.75989,2.32042,-1.55996,-3.82755,3.31564,nan,nan,nan,nan,nan,nan
1.45,-0.607367,-1.75989,2.32032,-1.55996,-3.82748,3.31549,nan,nan,nan,nan,nan,nan
1.46,-0.607255,-1.75989,2.32022,-1.55996,-3.82741,3.31535,nan,nan,nan,nan,nan,nan
1.47,-0.607149,-1.75989,2.32012,-1.55997,-3.82735,3.31522,nan,nan,nan,nan,nan,nan
1.48,-0.607048,-1.75989,2.32003,-1.55997,-3.82729,3.31509,nan,nan,nan,nan,nan,nan
1.49,-0.606952,-1.75989,2.31994,-1.55997,-3.82724,3.31497,nan,nan,nan,nan,nan,nan
1.5,-0.60686,-1.75989,2.31986,-1.55997,-3.82718,3.31486,nan,nan,nan,nan,nan,nan
1.51,-0.606773,-1.75989,2.31978,-1.55997,-3.82713,3.31475,nan,nan,nan,nan,nan,nan
1.52,-0.606691,-1.75989,2.31971,-1.55997,-3.82708,3.31465,nan,nan,nan,nan,nan,nan
1.53,-0.606612,-1.75989,2.31964,-1.55997,-3.82704,3.31455,nan,nan,nan,nan,nan,nan
1.54,-0.606538,-1.75989,2.31957,-1.55997,-3.82699,3.31445,nan,nan,nan,nan,nan,nan
1.55,-0.606467,-1.75989,2.31951,-1.55997,-3.82695,3.31436,nan,nan,nan,nan,nan,nan
1.56,-0.606399,-1.75989,2.31945,-1.55997,-3.82691,3.31428,nan,nan,nan,nan,nan,nan
1.57,-0.606335,-1.75989,2.31939,-1.55997,-3.82687,3.3142,nan,nan,nan,nan,nan,nan
1.58,-0.606274,-1.75989,2.31934,-1.55997,-3.82684,3.31412,nan,nan,nan,nan,nan,nan
1.59,-0.606217,-1.75989,2.31928,-1.55997,-3.8268,3.31405,nan,nan,nan,nan,nan,nan
1.6,-0.606162,-1.75989,2.31923,-1.55997,-3.82677,3.31398,nan,nan,nan,nan,nan,nan
1.61,-0.606109,-1.75989,2.31919,-1.55997,-3.82674,3.31392,nan,nan,nan,nan,nan,nan
1.62,-0.606059,-1.75989,2.31914,-1.55997,-3.82671,3.31385,nan,nan,nan,nan,nan,nan
1.63,-0.606012,-1.75989,2.3191,-1.55997,-3.82668,3.31379,nan,nan,nan,nan,nan,nan
1.64,-0.605967,-1.75989,2.31906,-1.55997,-3.82665,3.31374,nan,nan,nan,nan,nan,nan
1.65,-0.605925,-1.75989,2.31902,-1.55997,-3.82663,3.31368,nan,nan,nan,nan,nan,nan
1.66,-0.605884,-1.75989,2.31899,-1.55997,-3.8266,3.31363,nan,nan,nan,nan,nan,nan
1.67,-0.605845,-1.75989,2.31895,-1.55997,-3.82658,3.31358,nan,nan,nan,nan,nan,nan
1.68,-0.605809,-1.75989,2.31892,-1.55997,-3.82656,3.31354,nan,nan,nan,nan,nan,nan
1.69,-0.605774,-1.75988,2.31889,-1.55997,-3.82654,3.31349,nan,nan,nan,nan,nan,nan
1.7,-0.605741,-1.75988,2.31886,-1.55997,-3.82652,3.31345,nan,nan,nan,nan,nan,nan
1.71,-0.605709,-1.75988,2.31883,-1.55997,-3.8265,3.31341,nan,nan,nan,nan,nan,nan
1.72,-0.605679,-1.75988,2.3188,-1.55997,-3.82648,3.31338,nan,nan,nan,nan,nan,nan
1.73,-0.605651,-1.75988,2.31878,-1.55997,-3.82647,3.31334,nan,nan,nan,nan,nan,nan
1.74,-0.605624,-1.75988,2.31875,-1.55997,-3.82645,3.31331,nan,nan,nan,nan,nan,nan
1.75,-0.605598,-1.75988,2.31873,-1.55997,-3.82643,3.31327,nan,nan,nan,nan,nan,nan
1.76,-0.605573,-1.75988,2.31871,-1.55997,-3.82642,3.31324,nan,nan,nan,nan,nan,nan
1.77,-0.60555,-1.75988,2.31869,-1.55997,-3.82641,3.31321,nan,nan,nan,nan,nan,nan
1.78,-0.605528,-1.75988,2.31867,-1.55997,-3.82639,3.31319,nan,nan,nan,nan,nan,nan
1.79,-0.605507,-1.75988,2.31865,-1.55997,-3.82638,3.31316,nan,nan,nan,nan,nan,nan
1.8,-0.605487,-1.75988,2.31863,-1.55997,-3.82637,3.31313,nan,nan,nan,nan,nan,nan
1.81,-0.605468,-1.75988,2.31861,-1.55997,-3.82636,3.31311,nan,nan,nan,nan,nan,nan
1.82,-0.60545,-1.75988,2.3186,-1.55997,-3.82635,3.31309,nan,nan,nan,nan,nan,nan
1.83,-0.605433,-1.75988,2.31858,-1.55997,-3.82634,3.31307,nan,nan,nan,nan,nan,nan
1.84,-0.605417,-1.75988,2.31857,-1.55997,-3.82633,3.31304,nan,nan,nan,nan,nan,nan
1.85,-0.605401,-1.75988,2.31855,-1.55997,-3.82632,3.31303,nan,nan,nan,nan,nan,nan
1.86,-0.605386,-1.75988,2.31854,-1.55997,-3.82631,3.31301,nan,nan,nan,nan,nan,nan
1.87,-0.605372,-1.75988,2.31853,-1.55997,-3.8263,3.31299,nan,nan,nan,nan,nan,nan
1.88,-0.605359,-1.75988,2.31852,-1.55997,-3.82629,3.31297,nan,nan,nan,nan,nan,nan
1.89,-0.605346,-1.75988,2.31851,-1.55997,-3.82628,3.31296,nan,nan,nan,nan,nan,nan
1.9,-0.605334,-1.75988,2.31849,-1.55997,-3.82628,3.31294,nan,nan,nan,nan,nan,nan
1.91,-0.605323,-1.75988,2.31848,-1.55997,-3.82627,3.31293,nan,nan,nan,nan,nan,nan
1.92,-0.605312,-1.75988,2.31847,-1.55997,-3.82626,3.31291,nan,nan,nan,nan,nan,nan
1.93,-0.605302,-1.75988,2.31847,-1.55997,-3.82626,3.3129,nan,nan,nan,nan,nan,nan
1.94,-0.605292,-1.75988,2.31846,-1.55997,-3.82625,3.31289,nan,nan,nan,nan,nan,nan
1.95,-0.605282,-1.75988,2.31845,-1.55997,-3.82625,3.31288,nan,nan,nan,nan,nan,nan
1.96,-0.605274,-1.75988,2.31844,-1.55997,-3.82624,3.31286,nan,nan,nan,nan,nan,nan
